[{"productId":"1064012","isCategory":false,"name":"Mens Tech Shell Full-Zip","catId":[],"price":75.2,"salePrice":50.2,"image":"/api/java/images/outdoor_item1.jpg","altImages":null,"description":"Red Apple from California","attribute1":null,"attribute2":null,"attribute3":null,"reviewRating":0.0,"reviewCount":0,"reviewContent":null,"facets":null,"dateAdded":"2015-11-15T00:01:25","stockState":null,"salesVelocity":null},{"productId":"1044393","isCategory":false,"name":"Anvil L/S Crew Neck-Gray","catId":[],"price":33.99,"salePrice":22.15,"image":"/api/java/images/outdoor_item2.jpg","altImages":null,"description":"","attribute1":null,"attribute2":null,"attribute3":null,"reviewRating":0.0,"reviewCount":0,"reviewContent":null,"facets":null,"dateAdded":"2015-11-15T00:01:25","stockState":null,"salesVelocity":null},{"productId":"1054112","isCategory":false,"name":"Mens Voyage Fleece Jacket","catId":[],"price":48.0,"salePrice":100.99,"image":"/api/java/images/outdoor_item3.jpg","altImages":null,"description":"","attribute1":null,"attribute2":null,"attribute3":null,"reviewRating":0.0,"reviewCount":0,"reviewContent":null,"facets":null,"dateAdded":"2015-11-15T00:01:25","stockState":null,"salesVelocity":null},{"productId":"1097389","isCategory":false,"name":"Tri-blend Full-Zip Hoodie","catId":[],"price":52.2,"salePrice":83.99,"image":"/api/java/images/outdoor_item4.jpg","altImages":null,"description":"","attribute1":null,"attribute2":null,"attribute3":null,"reviewRating":0.0,"reviewCount":0,"reviewContent":null,"facets":null,"dateAdded":"2015-11-15T00:01:25","stockState":null,"salesVelocity":null},{"productId":"1098132","isCategory":false,"name":"Vastram Hoodie","catId":[],"price":75.0,"salePrice":60.0,"image":"/api/java/images/outdoor_item5.jpg","altImages":null,"description":"","attribute1":null,"attribute2":null,"attribute3":null,"reviewRating":0.0,"reviewCount":0,"reviewContent":null,"facets":null,"dateAdded":"2015-11-15T00:01:25","stockState":null,"salesVelocity":null},{"productId":"1110001","isCategory":false,"name":"Eco-Jersey Chrome Zip Up Hoodie","catId":[],"price":46.99,"salePrice":37.75,"image":"/api/java/images/outdoor_item6.jpg","altImages":null,"description":"","attribute1":null,"attribute2":null,"attribute3":null,"reviewRating":0.0,"reviewCount":0,"reviewContent":null,"facets":null,"dateAdded":"2015-11-15T00:01:25","stockState":null,"salesVelocity":null},{"productId":"1110007","isCategory":false,"name":"Ultimate Hooded Sweatshirt","catId":[],"price":46.99,"salePrice":32.75,"image":"/api/java/images/outdoor_item7.jpg","altImages":null,"description":"","attribute1":null,"attribute2":null,"attribute3":null,"reviewRating":0.0,"reviewCount":0,"reviewContent":null,"facets":null,"dateAdded":"2015-11-15T00:01:25","stockState":null,"salesVelocity":null},{"productId":"1110008","isCategory":false,"name":"Jacquard-Knit Full-Zip Fleece","catId":[],"price":96.99,"salePrice":74.75,"image":"/api/java/images/outdoor_item8.jpg","altImages":null,"description":"","attribute1":null,"attribute2":null,"attribute3":null,"reviewRating":0.0,"reviewCount":0,"reviewContent":null,"facets":null,"dateAdded":"2015-11-15T00:01:25","stockState":null,"salesVelocity":null}]